{
  "factory4_day": {
    "Gate 0": {
      "Position": {
        "x": -52.5704842,
        "y": 1.25745475,
        "z": 55.06734
      },
      "Rotation": 93.18849
    },
    "Gate 3": {
      "Position": {
        "x": 58.67002,
        "y": 0.233123064,
        "z": 57.4049568
      },
      "Rotation": 129.412323
    },
    "Med tent gates": {
      "Position": {
        "x": -18.9917545,
        "y": 0.229607314,
        "z": -46.5803642
      },
      "Rotation": 19.03057
    },
    "Cellars": {
      "Position": {
        "x": 66.78813,
        "y": -2.63332653,
        "z": -30.9360619
      },
      "Rotation": 231.811646
    }
  },
  "factory4_night": {
    "Gate 0": {
      "Position": {
        "x": -52.5704842,
        "y": 1.25745475,
        "z": 55.06734
      },
      "Rotation": 93.18849
    },
    "Gate 3": {
      "Position": {
        "x": 58.67002,
        "y": 0.233123064,
        "z": 57.4049568
      },
      "Rotation": 129.412323
    },
    "Med tent gates": {
      "Position": {
        "x": -18.9917545,
        "y": 0.229607314,
        "z": -46.5803642
      },
      "Rotation": 19.03057
    },
    "Cellars": {
      "Position": {
        "x": 66.78813,
        "y": -2.63332653,
        "z": -30.9360619
      },
      "Rotation": 231.811646
    }
  },
  "bigmap": {
    "Military Base CP": {
      "Position": [
        674.5625,
        5.60742664,
        123.641823
      ],
      "Rotation": 238.056732
    },
    "Railroad To Military Base": {
      "Position": [
        489.120117,
        1.40883172,
        207.272552
      ],
      "Rotation": 228.254486
    },
    "ZB-1011": {
      "Position": [
        629.4296,
        -2.77441788,
        -127.8221
      ],
      "Rotation": 97.17987
    },
    "ZB-1012": {
      "Position": [
        464.075,
        -2.68441629,
        -112.424088
      ],
      "Rotation": 96.69592
    },
    "ZB-1013": {
      "Position": [
        199.2377,
        -2.81965065,
        -145.043625
      ],
      "Rotation": 341.8522
    },
    "Crossroads": {
      "Position": [
        -324.1054,
        -0.317715019,
        -91.3120041
      ],
      "Rotation": 31.98688
    },
    "RUAF Roadblock": {
      "Position": [
        -3.56247973,
        1.08614612,
        -132.9248
      ],
      "Rotation": 54.44671
    },
    "Smuggler's Boat": {
      "Position": [
        -28.292078,
        -11.5068331,
        109.108429
      ],
      "Rotation": 187.815948
    },
    "Sniper Roadblock": {
      "Position": [
        30.446312,
        -0.259777457,
        118.656456
      ],
      "Rotation": 327.517334
    },
    "Dorms Car": {
      "Position": [
        191.627884,
        -2.16589069,
        208.912079
      ],
      "Rotation": 278.774384
    }
  },
  "woods": {
    "UN Roadblock": {
      "Comment": "UN Roadblock",
      "Position": [
        -543.3435,
        9.776281,
        -78.09744
      ],
      "Rotation": 228.816986
    },
    "Factory Gate": {
      "Position": [
        -346.51947,
        -2.32620764,
        353.3336
      ],
      "Rotation": 174.779083
    },
    "ZB-1014": {
      "Position": [
        447.4841,
        -14.2453938,
        69.34354
      ],
      "Rotation": 285.467377
    },
    "Outskirts": {
      "Position": [
        334.693359,
        -11.418191,
        327.578033
      ],
      "Rotation": 160.7393
    },
    "The Boat": {
      "Position": [
        190.682846,
        -14.9319124,
        219.147934
      ],
      "Rotation": 227.765961
    },
    "Bridge Car": {
      "Position": [
        -487.348541,
        15.0604687,
        -497.965179
      ],
      "Rotation": 24.781599
    }
  },
  "rezervbase": {
    "Scav lands": {
      "Position": [
        -120.954071,
        -6.94097,
        -129.4829
      ],
      "Rotation": 260.069275
    },
    "Scav lands rail": {
      "Position": [
        -196.7502,
        -5.37225676,
        -114.267555
      ],
      "Rotation": 93.10983
    },
    "Cliff": {
      "Position": [
        -15.9683733,
        18.4609661,
        195.898743
      ],
      "Rotation": 190.4635
    },
    "CP Fence": {
      "Comment": "RezervBase_cp_fence (exit4)",
      "Position": [
        53.0388641,
        -6.82445145,
        133.46048
      ],
      "Rotation": 263.982239
    }
  },
  "D-2": {
    "Position": [
      -116.999077,
      -18.3659115,
      169.5836
    ],
    "Rotation": 128.773651
  },
  "interchange": {
    "Car at Power Station": {
      "Position": [
        -242.849625,
        21.32544,
        -372.680878
      ],
      "Rotation": 52.06011
    },
    "Railway": {
      "Position": [
        473.177979,
        18.4533634,
        -390.7554
      ],
      "Rotation": 281.3094
    },
    "Safe Room": {
      "Position": [
        -49.4776039,
        21.3254585,
        47.4479179
      ],
      "Rotation": 344.7888
    }
  },
  "shoreline": {
    "North Fence Passage": {
      "Position": [
        -510.430939,
        -11.9056053,
        -373.174316
      ],
      "Rotation": 41.4962769
    },
    "Road to Customs": {
      "Position": [
        -864.0486,
        -43.44637,
        16.5865173
      ],
      "Rotation": 18.213295
    },
    "Pier Boat": {
      "Position": [
        -311.829468,
        -64.56999,
        559.7176
      ],
      "Rotation": 210.594009
    },
    "Tunnel": {
      "Position": [
        356.304871,
        -59.9092941,
        313.181915
      ],
      "Rotation": 274.0321
    },
    "Path to Lighthouse": {
      "Position": [
        362.138428,
        -54.85863,
        -181.549271
      ],
      "Rotation": 335.1047
    }
  },
  "lighthouse": {
    "Path to Shoreline": {
      "Position": [
        -284.0998,
        14.4007835,
        -161.669266
      ],
      "Rotation": 126.306564
    },
    "Lighthouse Vehicle Extract": {
      "Position": [
        -316.70462,
        15.1516333,
        -784.0004
      ],
      "Rotation": 37.57063
    },
    "Lighthouse tunnel": {
      "Position": [
        -65.93657,
        5.95763254,
        328.924927
      ],
      "Rotation": 101.297722
    },
    "Lighthouse Docks Boat": {
      "Position": [
        164.16626,
        0.317433029,
        -163.23497
      ],
      "Rotation": 285.558533
    }
  }
}