{
  "factory4_day": {
    "Gate 0": {
      "Position": {
        "x": -52.5704842,
        "y": 1.25745475,
        "z": 55.06734
      },
      "Rotation": 93.18849
    },
    "Gate 3": {
      "Position": {
        "x": 58.67002,
        "y": 0.233123064,
        "z": 57.4049568
      },
      "Rotation": 129.412323
    },
    "Med tent gates": {
      "Position": {
        "x": -18.9917545,
        "y": 0.229607314,
        "z": -46.5803642
      },
      "Rotation": 19.03057
    },
    "Cellars": {
      "Position": {
        "x": 66.78813,
        "y": -2.63332653,
        "z": -30.9360619
      },
      "Rotation": 231.811646
    },
    "Office Window": {
      "Position": {
        "x": 17.66614,
        "y": 8.210876,
        "z": 40.92688
      },
      "Rotation": 158.9888
    },
    "Camera Bunker Door": {
      "Position": [-20.8695526, -2.63423038, 34.9322433],
      "Rotation": 0.891350448
    }
  },
  "factory4_night": {
    "Gate 0": {
      "Position": {
        "x": -52.5704842,
        "y": 1.25745475,
        "z": 55.06734
      },
      "Rotation": 93.18849
    },
    "Gate 3": {
      "Position": {
        "x": 58.67002,
        "y": 0.233123064,
        "z": 57.4049568
      },
      "Rotation": 129.412323
    },
    "Med tent gates": {
      "Position": {
        "x": -18.9917545,
        "y": 0.229607314,
        "z": -46.5803642
      },
      "Rotation": 19.03057
    },
    "Cellars": {
      "Position": {
        "x": 66.78813,
        "y": -2.63332653,
        "z": -30.9360619
      },
      "Rotation": 231.811646
    },
    "Office Window": {
      "Position": {
        "x": 17.66614,
        "y": 8.210876,
        "z": 40.92688
      },
      "Rotation": 158.9888
    },
    "Camera Bunker Door": {
      "Position": [-20.8695526, -2.63423038, 34.9322433],
      "Rotation": 0.891350448
    }
  },
  "bigmap": {
    "Military Base CP": {
      "Position": [674.5625, 5.60742664, 123.641823],
      "Rotation": 238.056732
    },
    "Railroad To Military Base": {
      "Position": [489.120117, 1.40883172, 207.272552],
      "Rotation": 228.254486
    },
    "ZB-1011": {
      "Position": [629.4296, -2.77441788, -127.8221],
      "Rotation": 97.17987
    },
    "ZB-1012": {
      "Position": [464.075, -2.68441629, -112.424088],
      "Rotation": 96.69592
    },
    "ZB-1013": {
      "Position": [199.2377, -2.81965065, -145.043625],
      "Rotation": 341.8522
    },
    "Crossroads": {
      "Position": [-324.1054, -0.317715019, -91.3120041],
      "Rotation": 31.98688
    },
    "RUAF Roadblock": {
      "Position": [-3.56247973, 1.08614612, -132.9248],
      "Rotation": 54.44671
    },
    "Smuggler's Boat": {
      "Position": [-28.292078, -11.5068331, 109.108429],
      "Rotation": 187.815948
    },
    "Sniper Roadblock": {
      "Position": [30.446312, -0.259777457, 118.656456],
      "Rotation": 327.517334
    },
    "Dorms Car": {
      "Position": [191.627884, -2.16589069, 208.912079],
      "Rotation": 278.774384
    },
    "Old Gas Scav": {
      "Position": [302.545, 2.91025, -185.017761],
      "Rotation": 202.349335
    },
    "MallTrain": {
      "Position": [-154.6799, 2.266766, -221.5874],
      "Rotation": 327.8281
    },
    "PraveenGasoline": {
      "Position": [354.8507, 1.106263, -191.5768],
      "Rotation": 23.4955
    },
    "OfficePath": {
      "Position": [655.933, 1.098399, -166.3037],
      "rotation": 302.8839
    },
    "RUAFAdmin": {
      "Position": [667.3405, 1.064447, -58.31626],
      "rotation": 287.2482
    },
    "Warehouse 17": {
      "Position": [48.11184, 1.10045552, -84.83577],
      "Rotation": 155.8685
    },
    "Scav CP": {
      "Position": [647.141, -0.3182248, -25.9616776],
      "Rotation": 307.1494
    },
    "Trailer Park": {
      "Position": [-310.01, 0.89, -215.43],
      "Rotation": 31.98688
    }
  },
  "woods": {
    "UN Roadblock": {
      "Position": [-521.465332, -1.258715, 288.813171],
      "Rotation": 76.4774246
    },
    "Factory Gate": {
      "Position": [-346.51947, -2.32620764, 353.3336],
      "Rotation": 174.779083
    },
    "ZB-1014": {
      "Position": [447.4841, -14.2453938, 69.34354],
      "Rotation": 285.467377
    },
    "Outskirts": {
      "Position": [334.693359, -11.418191, 327.578033],
      "Rotation": 160.7393
    },
    "The Boat": {
      "Position": [190.682846, -14.9319124, 219.147934],
      "Rotation": 227.765961
    },
    "Bridge Car": {
      "Position": [-487.348541, 15.0604687, -497.965179],
      "Rotation": 24.781599
    },
    "RUAFRoadblock": {
      "Position": [-129.7272, -1.194496, 415.476],
      "Rotation": 146.2519
    },
    "Mountain Stash": {
      "Position": [-215.205872, 31.7007847, -209.631348],
      "Rotation": 335.046753
    },
    "Woods Vehicle Extract": {
      "Position": [-487.348541, 15.0604687, -497.965179],
      "Rotation": 24.781599
    },
    "ScavVillage": {
      "Comment": "Scav Village in the north end",
      "Position": [-58.53, 7.66, -757.22],
      "Rotation": 180
    },
    "ZB-016": {
      "Position": [-388.16, 3.25, 20.05],
      "Rotation": 115.467377
    },
    "RUAF Gate": {
      "Position": [-146.51947, 1.22620764, 425.6336],
      "Rotation": 162.779083
    },
    "Northern UN Roadblock": {
      "Position": [-555.2336, 9.391193, -76.86284],
      "Rotation": 138.160156
    },
    "ZB-014": {
      "Position": [447.93, -14.25, 67.26],
      "Rotation": 285.467377
    }
  },
  "rezervbase": {
    "Scav lands": {
      "Position": [-120.954071, -6.94097, -129.4829],
      "Rotation": 260.069275
    },
    "Scav lands rail": {
      "Position": [-196.7502, -5.37225676, -114.267555],
      "Rotation": 93.10983
    },
    "Cliff": {
      "Position": [-15.9683733, 18.4609661, 195.898743],
      "Rotation": 190.4635
    },
    "CP Fence": {
      "Comment": "RezervBase_cp_fence (exit4)",
      "Position": [53.0388641, -6.82445145, 133.46048],
      "Rotation": 263.982239
    },
    "D-2": {
      "Position": [-116.999077, -18.3659115, 169.5836],
      "Rotation": 128.773651
    },
    "Reserve Manhole": {
      "Position": [50.6118279, -6.97395849, 73.78378],
      "Rotation": 213.616745
    },
    "Bunker Hermetic": {
      "Position": [64.5668, -6.95917463, -190.306641],
      "Rotation": 280.9828
    },
    "Depot Hermetic": {
      "Position": [118.866768, -12.2845945, -119.324211],
      "Rotation": 299.889923
    },
    "Hole In Wall": {
      "Position": [-262.3644, -6.20308161, 47.7328873],
      "Rotation": 89.65134
    },
    "Train Station": {
      "Position": [166.653687, -5.19410563, -144.143341],
      "Rotation": 191.8541
    },
    "Checkpoint Fence": {
      "Comment": "RezervBase_cp_fence (exit4)",
      "Position": [56.2388641, -6.94445145, 90.22048],
      "Rotation": 287.982239
    }
  },
  "interchange": {
    "Car at Power Station": {
      "Position": [-242.849625, 21.32544, -372.680878],
      "Rotation": 52.06011
    },
    "Railway": {
      "Position": [473.177979, 18.4533634, -390.7554],
      "Rotation": 281.3094
    },
    "Safe Room": {
      "Position": [-49.4776039, 21.3254585, 47.4479179],
      "Rotation": 344.7888
    },
    "EmercomMall": {
      "Position": [-313.2805, 21.32544, 254.3763],
      "Rotation": 105.2137
    },
    "Fence Gap": {
      "Position": [-220.849625, 21.35, -40.680878],
      "Rotation": 52.06011
    }
  },
  "shoreline": {
    "North Fence Passage": {
      "Position": [-510.430939, -11.9056053, -373.174316],
      "Rotation": 41.4962769
    },
    "Road to Customs": {
      "Position": [-864.0486, -43.44637, 16.5865173],
      "Rotation": 18.213295
    },
    "Pier Boat": {
      "Position": [-311.829468, -64.56999, 559.7176],
      "Rotation": 210.594009
    },
    "Tunnel": {
      "Position": [356.304871, -59.9092941, 313.181915],
      "Rotation": 274.0321
    },
    "Path to Lighthouse": {
      "Position": [362.138428, -54.85863, -181.549271],
      "Rotation": 335.1047
    },