{
  "Comment": "The player spawnpoints marked in this file are shared between all configs",
  "Comment about Rotation": "Example rotation values -> N: 180, NE: 225, E: 270, SE: 315, S: 0, SW: 45, W: 90, NW: 135",
  "factory4_day": {
    "Gate 3": {
      "Position": [57.89, 0.3, 49.57],
      "Rotation": 238.056732
    },
    "Courtyard": {
      "Position": [24.91, 1.18, 53.76],
      "Rotation": 238.056732
    },
    "Gate 0": {
      "Position": [-51.44, 1.31, 55.24],
      "Rotation": 238.056732
    },
    "Med tent gates": {
      "Position": [-18.21, 0.3, -43.48],
      "Rotation": 238.056732
    },
    "Transit to Customs": {
      "Position": [15.94, -0.29, -44.01],
      "Rotation": 238.056732
    },
    "Transit to Labs": {
      "Position": [-26.71, -4.75, -35.46],
      "Rotation": 238.056732
    },
    "Camera Bunker Door": {
      "Position": [-15.17, -2.61, 39.17],
      "Rotation": 238.056732
    },
    "Cellars": {
      "Position": [65.02, -2.63, -31.82],
      "Rotation": 238.056732
    }
  },
  "factory4_night": {
    "Gate 3": {
      "Position": [57.89, 0.3, 49.57],
      "Rotation": 238.056732
    },
    "Courtyard": {
      "Position": [24.91, 1.18, 53.76],
      "Rotation": 238.056732
    },
    "Gate 0": {
      "Position": [-51.44, 1.31, 55.24],
      "Rotation": 238.056732
    },
    "Med tent gates": {
      "Position": [-18.21, 0.3, -43.48],
      "Rotation": 238.056732
    },
    "Transit Factory to Customs": {
      "Position": [15.94, -0.29, -44.01],
      "Rotation": 238.056732
    },
    "Transit Factory to Labs": {
      "Position": [-26.71, -4.75, -35.46],
      "Rotation": 238.056732
    },
    "Camera Bunker Door": {
      "Position": [-15.17, -2.61, 39.17],
      "Rotation": 238.056732
    },
    "Cellars": {
      "Position": [65.02, -2.63, -31.82],
      "Rotation": 238.056732
    }
  },
  "bigmap": {
    "Military Base CP": {
      "Position": [674.5625, 5.60742664, 123.641823],
      "Rotation": 238.056732
    },
    "ZB-1011": {
      "Position": [629.4296, -2.77441788, -127.8221],
      "Rotation": 97.17987
    },
    "ZB-1012": {
      "Position": [464.075, -2.68441629, -112.424088],
      "Rotation": 96.69592
    },
    "ZB-1013": {
      "Position": [199.2377, -2.81965065, -145.043625],
      "Rotation": 341.8522
    },
    "Crossroads": {
      "Position": [-324.1054, -0.317715019, -91.3120041],
      "Rotation": 31.98688
    },
    "Trailer Park": {
      "Position": [-310.01, 0.89, -215.43],
      "Rotation": 31.98688
    },
    "Trailer Park Workers Shack": {
      "Position": [-251.01, 0.89, -227.43],
      "Rotation": 31.98688
    },
    "RUAF Roadblock": {
      "Position": [-3.56247973, 1.08614612, -132.9248],
      "Rotation": 54.44671
    },
    "Smugglers Boat": {
      "Position": [-28.292078, -11.5068331, 109.108429],
      "Rotation": 187.815948
    },
    "Sniper Roadblock": {
      "Position": [30.446312, -0.259777457, 118.656456],
      "Rotation": 327.517334
    },
    "Factory Far Corner": {
      "Position": [647.2151, 1.12474906, -150.711029],
      "Rotation": 331.2538
    },
    "Old Gas Scav": {
      "Position": [302.545, 2.91025, -185.017761],
      "Rotation": 202.349335
    },
    "RR to Military Base": {
      "Position": [458.392639, 4.95283127, 181.01564],
      "Rotation": 256.057983
    },
    "RR to Port": {
      "Position": [-150.3853, 2.62803984, 23.7549515],
      "Rotation": 1.93337643
    },
    "RR to Tarkov": {
      "Position": [-165.420151, 3.40357137, -200.949509],
      "Rotation": 6.05172825
    },
    "Warehouse 17": {
      "Position": [48.11184, 1.10045552, -84.83577],
      "Rotation": 155.8685
    },
    "Dorms Car": {
      "Position": [191.627884, -2.16589069, 208.912079],
      "Rotation": 278.0221
    },
    "Scav CP": {
      "Position": [647.141, -0.3182248, -25.9616776],
      "Rotation": 307.1494
    },
    "Administration Gate": {
      "Position": [667.3405, 1.064447, -58.31626],
      "rotation": 287.2482
    }
  },
  "woods": {
    "Northern UN Roadblock": {
      "Position": [-555.2336, 9.391193, -76.86284],
      "Rotation": 138.160156
    },
    "Factory Gate": {
      "Position": [-346.51947, -2.32620764, 353.3336],
      "Rotation": 174.779083
    },
    "RUAF Gate": {
      "Position": [-146.51947, 1.22620764, 425.6336],
      "Rotation": 162.779083
    },
    "ZB-014": {
      "Position": [447.93, -14.25, 67.26],
      "Rotation": 285.467377
    },
    "ZB-016": {
      "Position": [-388.16, 3.25, 20.05],
      "Rotation": 115.467377
    },
    "Sawmill River": {
      "Position": [-649.91, 8.61, -272.75],
      "Rotation": 138.160156
    },
    "Outskirts": {
      "Position": [334.693359, -11.418191, 327.578033],
      "Rotation": 160.7393
    },
    "The Boat": {
      "Position": [190.682846, -14.9319124, 219.147934],
      "Rotation": 227.765961
    },
    "Mountain Stash": {
      "Position": [-215.205872, 31.7007847, -209.631348],
      "Rotation": 335.046753
    },
    "Sniper Rock Bunker": {
      "Position": [-155.286, 50.95411, -277.7933],
      "Rotation": 345.938324
    },
    "UN Roadblock": {
      "Position": [-521.465332, -1.258715, 288.813171],
      "Rotation": 76.4774246
    },
    "Scav Bridge": {
      "Position": [98.54763, 16.67556, -843.773254],
      "Rotation": -843.773254
    },
    "Woods Vehicle Extract": {
      "Position": [-487.348541, 15.0604687, -497.965179],
      "Rotation": 24.781599
    },
    "Old Station": {
      "Position": [-504.468628, 7.252748, 151.354584],
      "Rotation": 134.066681
    },
    "Scav Bunker": {
      "Position": [224.07019, 20.14909, -708.5178],
      "Rotation": 104.772415
    }
  },
  "rezervbase": {
    "Scav lands": {
      "Position": [-120.954071, -6.94097, -129.4829],
      "Rotation": 260.069275
    },
    "Scav lands rail": {
      "Position": [-196.7502, -5.37225676, -114.267555],
      "Rotation": 93.10983
    },
    "Cliff": {
      "Position": [-15.9683733, 18.4609661, 195.898743],
      "Rotation": 190.4635
    },
    "Checkpoint Fence": {
      "Description": "RezervBase_cp_fence (exit4)",
      "Position": [56.2388641, -6.94445145, 90.22048],
      "Rotation": 287.982239
    },
    "Bunker Hermetic": {
      "Position": [64.5668, -6.95917463, -190.306641],
      "Rotation": 280.9828
    },
    "Depot Hermetic": {
      "Position": [118.866768, -12.2845945, -119.324211],
      "Rotation": 299.889923
    },
    "Heating Pipe": {
      "Position": [-9.3644, -5.60308161, -186.8873],
      "Rotation": 330.65134
    },
    "Hole In Wall": {
      "Position": [-262.3644, -6.20308161, 47.7328873],
      "Rotation": 89.65134
    },
    "Reserve Manhole": {
      "Position": [50.6118279, -6.97395849, 73.78378],
      "Rotation": 213.616745
    },
    "Train Station": {
      "Position": [166.653687, -5.19410563, -144.143341],
      "Rotation": 191.8541
    },
    "D-2": {
      "Position": [-116.999077, -18.3659115, 169.5836],
      "Rotation": 128.773651
    }
  },
  "interchange": {
    "Interchange Vehicle Extract": {
      "Position": [-242.849625, 21.32544, -372.680878],
      "Rotation": 52.06011
    },
    "Fence Gap": {
      "Position": [-220.849625, 21.35, -40.680878],
      "Rotation": 52.06011
    },
    "Railway": {
      "Position": [473.177979, 18.4533634, -390.7554],
      "Rotation": 281.3094
    },
    "Emercom": {
      "Position": [-328.429871, 21.3254356, 260.571655],
      "Rotation": 73.0782242
    },
    "Scav Camp": {
      "Position": [283.740051, 21.3254337, -34.4532776],
      "Rotation": 138.160156
    },
    "FromCrossroads": {
      "Position": [283.740051, 21.3254337, 265.4532776],
      "Rotation": 100.086945
    },
    "Safe Room": {
      "Position": [-49.4776039, 21.3254585, 47.4479179],
      "Rotation": 344.7888
    }
  },
  "shoreline": {
    "North Fence Passage": {
      "Position": [-510.430939, -11.9056053, -373.174316],
      "Rotation": 41.4962769
    },